title,url
Cat - Wikipedia,https://en.wikipedia.org/wiki/Cat
"Wikipedia, the free encyclopedia",https://en.wikipedia.org/wiki/Main_Page
Wikipedia:Contents - Wikipedia,https://en.wikipedia.org/wiki/Wikipedia:Contents
Portal:Current events - Wikipedia,https://en.wikipedia.org/wiki/Portal:Current_events
Wikipedia:About - Wikipedia,https://en.wikipedia.org/wiki/Wikipedia:About
Teuchocnemis bacuntius - Wikipedia,https://en.wikipedia.org/wiki/Teuchocnemis_bacuntius
Help:Contents - Wikipedia,https://en.wikipedia.org/wiki/Help:Contents
Wikipedia:Contact us - Wikipedia,https://en.wikipedia.org/wiki/Wikipedia:Contact_us
Help:Introduction - Wikipedia,https://en.wikipedia.org/wiki/Help:Introduction
Wikipedia:Community portal - Wikipedia,https://en.wikipedia.org/wiki/Wikipedia:Community_portal
Recent changes - Wikipedia,https://en.wikipedia.org/wiki/Special:RecentChanges
Wikipedia:File upload wizard - Wikipedia,https://en.wikipedia.org/wiki/Wikipedia:File_upload_wizard
Search - Wikipedia,https://en.wikipedia.org/wiki/Special:Search
Create account - Wikipedia,https://en.wikipedia.org/w/index.php?title=Special:CreateAccount&returnto=Cat
Log in - Wikipedia,https://en.wikipedia.org/w/index.php?returnto=Cat&title=Special:UserLogin&centralAuthAutologinTried=1&centralAuthError=Not+centrally+logged+in
User contributions for 2401:4900:1C43:FA02:684E:5BAF:6C6B:2001 - Wikipedia,https://en.wikipedia.org/wiki/Special:MyContributions
User talk:2401:4900:1C43:FA02:684E:5BAF:6C6B:2001 - Wikipedia,https://en.wikipedia.org/wiki/Special:MyTalk
Talk:Cat - Wikipedia,https://en.wikipedia.org/wiki/Talk:Cat
View source for Cat - Wikipedia,https://en.wikipedia.org/w/index.php?title=Cat&action=edit
Cat: Revision history - Wikipedia,https://en.wikipedia.org/w/index.php?title=Cat&action=history
"Pages that link to ""Cat"" - Wikipedia",https://en.wikipedia.org/wiki/Special:WhatLinksHere/Cat
Related changes - Wikipedia,https://en.wikipedia.org/wiki/Special:RecentChangesLinked/Cat
